run,group,case,wasm_sha256,ledger,cpu,memory,footprint_entries,disk_read_bytes,write_entries,write_bytes,events,events_and_return_bytes
1,reference,"args:[{""type"":""symbol"",""value"":""world""}]",718ba18378a2d94ec7bf0c75b3813c7d0bb5b65beb2fb4c445b3a4726ecd5668,833,266842,1123942,2,0,0,0,0,44
1,audit,id:read-missing-repeat,a677bd71ba1902b894bf7d178fa4d6ce310e0558afcfe44d97b5c611bef9291d,833,420956,1207550,4,0,0,0,0,20
1,audit,id:noop-write,a677bd71ba1902b894bf7d178fa4d6ce310e0558afcfe44d97b5c611bef9291d,834,400277,1207158,3,0,1,80,0,20
1,audit,id:delete,a677bd71ba1902b894bf7d178fa4d6ce310e0558afcfe44d97b5c611bef9291d,834,385991,1205909,3,0,1,0,0,20
1,audit,id:event,a677bd71ba1902b894bf7d178fa4d6ce310e0558afcfe44d97b5c611bef9291d,834,375269,1205751,2,0,0,0,1,96
1,audit,id:classic-read,a677bd71ba1902b894bf7d178fa4d6ce310e0558afcfe44d97b5c611bef9291d,834,454136,1215233,4,144,0,0,0,20
1,audit,id:large-return,a677bd71ba1902b894bf7d178fa4d6ce310e0558afcfe44d97b5c611bef9291d,834,611669,1240926,2,0,0,0,0,652
2,reference,"args:[{""type"":""symbol"",""value"":""world""}]",718ba18378a2d94ec7bf0c75b3813c7d0bb5b65beb2fb4c445b3a4726ecd5668,899,266842,1123942,2,0,0,0,0,44
2,audit,id:read-missing-repeat,a677bd71ba1902b894bf7d178fa4d6ce310e0558afcfe44d97b5c611bef9291d,899,420956,1207550,4,0,0,0,0,20
2,audit,id:noop-write,a677bd71ba1902b894bf7d178fa4d6ce310e0558afcfe44d97b5c611bef9291d,900,400277,1207158,3,0,1,80,0,20
2,audit,id:delete,a677bd71ba1902b894bf7d178fa4d6ce310e0558afcfe44d97b5c611bef9291d,900,385991,1205909,3,0,1,0,0,20
2,audit,id:event,a677bd71ba1902b894bf7d178fa4d6ce310e0558afcfe44d97b5c611bef9291d,900,375269,1205751,2,0,0,0,1,96
2,audit,id:classic-read,a677bd71ba1902b894bf7d178fa4d6ce310e0558afcfe44d97b5c611bef9291d,900,454136,1215233,4,144,0,0,0,20
2,audit,id:large-return,a677bd71ba1902b894bf7d178fa4d6ce310e0558afcfe44d97b5c611bef9291d,900,611669,1240926,2,0,0,0,0,652
3,reference,"args:[{""type"":""symbol"",""value"":""world""}]",718ba18378a2d94ec7bf0c75b3813c7d0bb5b65beb2fb4c445b3a4726ecd5668,965,266842,1123942,2,0,0,0,0,44
3,audit,id:read-missing-repeat,a677bd71ba1902b894bf7d178fa4d6ce310e0558afcfe44d97b5c611bef9291d,966,420956,1207550,4,0,0,0,0,20
3,audit,id:noop-write,a677bd71ba1902b894bf7d178fa4d6ce310e0558afcfe44d97b5c611bef9291d,966,400277,1207158,3,0,1,80,0,20
3,audit,id:delete,a677bd71ba1902b894bf7d178fa4d6ce310e0558afcfe44d97b5c611bef9291d,966,385991,1205909,3,0,1,0,0,20
3,audit,id:event,a677bd71ba1902b894bf7d178fa4d6ce310e0558afcfe44d97b5c611bef9291d,966,375269,1205751,2,0,0,0,1,96
3,audit,id:classic-read,a677bd71ba1902b894bf7d178fa4d6ce310e0558afcfe44d97b5c611bef9291d,967,454136,1215233,4,144,0,0,0,20
3,audit,id:large-return,a677bd71ba1902b894bf7d178fa4d6ce310e0558afcfe44d97b5c611bef9291d,967,611669,1240926,2,0,0,0,0,652
4,reference,"args:[{""type"":""symbol"",""value"":""world""}]",718ba18378a2d94ec7bf0c75b3813c7d0bb5b65beb2fb4c445b3a4726ecd5668,1033,266842,1123942,2,0,0,0,0,44
4,audit,id:read-missing-repeat,a677bd71ba1902b894bf7d178fa4d6ce310e0558afcfe44d97b5c611bef9291d,1033,420956,1207550,4,0,0,0,0,20
4,audit,id:noop-write,a677bd71ba1902b894bf7d178fa4d6ce310e0558afcfe44d97b5c611bef9291d,1033,400277,1207158,3,0,1,80,0,20
4,audit,id:delete,a677bd71ba1902b894bf7d178fa4d6ce310e0558afcfe44d97b5c611bef9291d,1033,385991,1205909,3,0,1,0,0,20
4,audit,id:event,a677bd71ba1902b894bf7d178fa4d6ce310e0558afcfe44d97b5c611bef9291d,1034,375269,1205751,2,0,0,0,1,96
4,audit,id:classic-read,a677bd71ba1902b894bf7d178fa4d6ce310e0558afcfe44d97b5c611bef9291d,1034,454136,1215233,4,144,0,0,0,20
4,audit,id:large-return,a677bd71ba1902b894bf7d178fa4d6ce310e0558afcfe44d97b5c611bef9291d,1034,611669,1240926,2,0,0,0,0,652
5,reference,"args:[{""type"":""symbol"",""value"":""world""}]",718ba18378a2d94ec7bf0c75b3813c7d0bb5b65beb2fb4c445b3a4726ecd5668,1099,266842,1123942,2,0,0,0,0,44
5,audit,id:read-missing-repeat,a677bd71ba1902b894bf7d178fa4d6ce310e0558afcfe44d97b5c611bef9291d,1100,420956,1207550,4,0,0,0,0,20
5,audit,id:noop-write,a677bd71ba1902b894bf7d178fa4d6ce310e0558afcfe44d97b5c611bef9291d,1100,400277,1207158,3,0,1,80,0,20
5,audit,id:delete,a677bd71ba1902b894bf7d178fa4d6ce310e0558afcfe44d97b5c611bef9291d,1100,385991,1205909,3,0,1,0,0,20
5,audit,id:event,a677bd71ba1902b894bf7d178fa4d6ce310e0558afcfe44d97b5c611bef9291d,1100,375269,1205751,2,0,0,0,1,96
5,audit,id:classic-read,a677bd71ba1902b894bf7d178fa4d6ce310e0558afcfe44d97b5c611bef9291d,1100,454136,1215233,4,144,0,0,0,20
5,audit,id:large-return,a677bd71ba1902b894bf7d178fa4d6ce310e0558afcfe44d97b5c611bef9291d,1101,611669,1240926,2,0,0,0,0,652
